date,confirmed,deaths,recovered
2020-01-22,0,0,0
2020-01-23,0,0,0
2020-01-24,0,0,0
2020-01-25,0,0,0
2020-01-26,0,0,0
2020-01-27,0,0,0
2020-01-28,0,0,0
2020-01-29,0,0,0
2020-01-30,0,0,0
2020-01-31,0,0,0
2020-02-01,0,0,0
2020-02-02,0,0,0
2020-02-03,0,0,0
2020-02-04,0,0,0
2020-02-05,0,0,0
2020-02-06,0,0,0
2020-02-07,0,0,0
2020-02-08,0,0,0
2020-02-09,0,0,0
2020-02-10,0,0,0
2020-02-11,0,0,0
2020-02-12,0,0,0
2020-02-13,0,0,0
2020-02-14,0,0,0
2020-02-15,0,0,0
2020-02-16,0,0,0
2020-02-17,0,0,0
2020-02-18,0,0,0
2020-02-19,2,2,0
2020-02-20,5,2,0
2020-02-21,18,4,0
2020-02-22,28,5,0
2020-02-23,43,8,0
2020-02-24,61,12,0
2020-02-25,95,16,0
2020-02-26,139,19,49
2020-02-27,245,26,49
2020-02-28,388,34,73
2020-02-29,593,43,123
2020-03-01,978,54,175
2020-03-02,1501,66,291
2020-03-03,2336,77,291
2020-03-04,2922,92,552
2020-03-05,3513,107,739
2020-03-06,4747,124,913
2020-03-07,5823,145,1669
2020-03-08,6566,194,2134
2020-03-09,7161,237,2394
2020-03-10,8042,291,2731
2020-03-11,9000,354,2959
2020-03-12,10075,429,2959
2020-03-13,11364,514,2959
2020-03-14,12729,611,2959
2020-03-15,13938,724,4590
2020-03-16,14991,853,4590
2020-03-17,16169,988,5389
2020-03-18,17361,1135,5389
2020-03-19,18407,1284,5710
2020-03-20,19644,1433,6745
2020-03-21,20610,1556,7635
2020-03-22,21638,1685,7931
2020-03-23,23049,1812,7931
2020-03-24,24811,1934,8913
2020-03-25,27017,2077,9625
2020-03-26,29406,2234,10457
2020-03-27,32332,2378,11133
2020-03-28,35408,2517,11679
2020-03-29,38309,2640,12391
2020-03-30,41495,2757,13911
2020-03-31,44605,2898,14656
2020-04-01,47593,3036,15473
2020-04-02,50468,3160,16711
2020-04-03,53183,3294,17935
2020-04-04,55743,3452,19736
2020-04-05,58226,3603,19736
2020-04-06,60500,3739,24236
2020-04-07,62589,3872,27039
2020-04-08,64586,3993,29812
2020-04-09,66220,4110,32309
2020-04-10,68192,4232,35465
2020-04-11,70029,4357,41947
2020-04-12,71686,4474,43894
2020-04-13,73303,4585,45983
2020-04-14,74877,4683,48129
2020-04-15,76389,4777,49933
2020-04-16,77995,4869,52229
2020-04-17,79494,4958,54064
2020-04-18,80868,5031,55987
2020-04-19,82211,5118,57023
2020-04-20,83505,5209,59273
2020-04-21,84802,5297,60965
2020-04-22,85996,5391,63113
2020-04-23,87026,5481,64843
2020-04-24,88194,5574,66599
2020-04-25,89328,5650,68193
2020-04-26,90481,5710,69657
2020-04-27,91472,5806,70933
2020-04-28,92584,5877,72439
2020-04-29,93657,5957,73791
2020-04-30,94640,6028,75103
2020-05-01,95646,6091,76318
2020-05-02,96448,6156,77350
2020-05-03,97424,6203,78422
2020-05-04,98647,6277,79379
2020-05-05,99970,6340,80475
2020-05-06,101650,6418,81587
2020-05-07,103135,6486,82744
2020-05-08,104691,6541,83837
2020-05-09,106220,6589,85064
2020-05-10,107603,6640,86143
2020-05-11,109286,6685,87422
2020-05-12,110767,6733,88357
2020-05-13,112725,6783,89428
2020-05-14,114533,6854,90539
2020-05-15,116635,6902,91836
2020-05-16,118392,6937,93147
2020-05-17,120198,6988,94464
2020-05-18,122492,7057,95661
2020-05-19,124603,7119,97173
2020-05-20,126949,7183,98808
2020-05-21,129341,7249,100564
2020-05-22,131652,7300,102276
2020-05-23,133521,7359,104072
2020-05-24,135701,7417,105801
2020-05-25,137724,7451,107713
2020-05-26,139511,7508,109437
2020-05-27,141591,7564,111176
2020-05-28,143849,7627,112988
2020-05-29,146668,7677,114931
2020-05-30,148950,7734,116827
2020-05-31,151466,7797,118848
2020-06-01,154445,7878,121004
2020-06-02,157562,7942,123077
2020-06-03,160696,8012,125206
2020-06-04,164270,8071,127485
2020-06-05,167156,8134,129741
2020-06-06,169425,8209,132038
2020-06-07,171789,8281,134349
2020-06-08,173832,8351,136360
2020-06-09,175927,8425,138457
2020-06-10,177938,8506,140590
2020-06-11,180156,8584,142663
2020-06-12,182525,8659,144649
2020-06-13,184955,8730,146748
2020-06-14,187427,8837,148674
2020-06-15,189876,8950,150590
2020-06-16,192439,9065,152675
2020-06-17,195051,9185,154812
2020-06-18,197647,9272,156991
2020-06-19,200262,9392,159192
2020-06-20,202584,9507,161384
2020-06-21,204952,9623,163591
2020-06-22,207525,9742,166427
2020-06-23,209970,9863,169160
2020-06-24,212501,9996,172096
2020-06-25,215096,10130,175103
2020-06-26,217724,10239,177852
2020-06-27,220180,10364,180661
2020-06-28,222669,10508,183310
2020-06-29,225205,10670,186180
2020-06-30,227662,10817,188758
2020-07-01,230211,10958,191487
2020-07-02,232863,11106,194098
2020-07-03,235429,11260,196446
2020-07-04,237878,11408,198949
2020-07-05,240438,11571,201330
2020-07-06,243051,11731,204083
2020-07-07,245688,11931,207000
2020-07-08,248379,12084,209463
2020-07-09,250458,12305,212176
2020-07-10,252720,12447,215015
2020-07-11,255117,12635,217666
2020-07-12,257303,12829,219993
2020-07-13,259652,13032,222539
2020-07-14,262173,13211,225270
2020-07-15,264561,13410,227561
2020-07-16,267061,13608,230608
2020-07-17,269440,13791,232873
2020-07-18,271606,13979,235300
2020-07-19,273788,14188,237788
2020-07-20,276202,14405,240087
2020-07-21,278827,14634,242351
2020-07-22,281413,14853,244840
2020-07-23,284034,15074,247230
2020-07-24,286523,15289,249212
2020-07-25,288839,15484,251319
2020-07-26,291172,15700,253213
2020-07-27,293606,15912,255144
2020-07-28,296273,16147,257019
2020-07-29,298909,16343,259116
2020-07-30,301530,16569,261200
2020-07-31,304204,16766,263519
2020-08-01,306752,16982,265830
2020-08-02,309437,17190,268102
2020-08-03,312035,17405,270228
2020-08-04,314786,17617,272535
2020-08-05,317483,17802,274932
2020-08-06,320117,17976,277463
2020-08-07,322567,18132,279724
2020-08-08,324692,18264,282122
2020-08-09,326712,18427,284371
2020-08-10,328844,18616,286642
2020-08-11,331189,18800,288620
2020-08-12,333699,18988,290244
2020-08-13,336324,19162,292058
2020-08-14,338825,19331,293811
2020-08-15,341070,19492,295630
2020-08-16,343203,19639,297486
2020-08-17,345450,19804,299157
2020-08-18,347835,19972,300881
2020-08-19,350279,20125,302528
2020-08-20,352558,20264,304236
2020-08-21,354764,20376,305866
2020-08-22,356792,20502,307702
2020-08-23,358905,20643,309464
2020-08-24,361150,20776,311365
2020-08-25,363363,20901,313058
2020-08-26,365606,21020,314870
2020-08-27,367796,21137,316638
2020-08-28,369911,21249,318270
2020-08-29,371816,21359,319847
2020-08-30,373570,21462,321421
2020-08-31,375212,21571,323233
2020-09-01,376894,21672,325124
2020-09-02,378752,21797,326801
2020-09-03,380746,21926,328595
2020-09-04,382772,22044,330308
2020-09-05,384666,22154,332131
2020-09-06,386658,22293,333900
2020-09-07,388810,22410,335572
2020-09-08,391112,22542,337414
2020-09-09,393425,22669,339111
2020-09-10,395488,22798,340842
2020-09-11,397801,22913,342539
2020-09-12,399940,23029,344516
2020-09-13,402029,23157,346242
2020-09-14,404648,23313,348013
2020-09-15,407353,23453,349984
2020-09-16,410334,23632,352019
2020-09-17,413149,23808,353848
2020-09-18,416198,23952,355505
2020-09-19,419043,24118,357632
2020-09-20,422140,24301,359570
2020-09-21,425481,24478,361523
2020-09-22,429193,24656,363737
2020-09-23,432798,24840,365846
2020-09-24,436319,25015,367829
2020-09-25,439882,25222,369842
2020-09-26,443086,25394,372051
2020-09-27,446448,25589,374170
2020-09-28,449960,25779,376531
2020-09-29,453637,25986,378727
2020-09-30,457219,26169,380956
2020-10-01,461044,26380,383368
2020-10-02,464596,26567,385264
2020-10-03,468119,26746,387675
2020-10-04,471772,26957,389966
2020-10-05,475674,27192,392293
2020-10-06,479825,27419,394800
2020-10-07,483844,27658,397109
2020-10-08,488236,27888,399300
2020-10-09,492378,28098,401379
2020-10-10,496253,28293,403950
2020-10-11,500075,28544,406389
2020-10-12,504281,28816,409121
2020-10-13,508389,29070,411840
2020-10-14,513219,29349,414831
2020-10-15,517835,29605,418054
2020-10-16,522387,29870,420910
2020-10-17,526490,30123,423921
2020-10-18,530380,30375,427400
2020-10-19,534631,30712,431360
2020-10-20,539670,31034,434676
2020-10-21,545286,31346,438709
2020-10-22,550757,31650,442674
2020-10-23,556891,31985,446685
2020-10-24,562705,32320,450891
2020-10-25,568896,32616,455054
2020-10-26,574856,32953,459250
2020-10-27,581824,33299,463611
2020-10-28,588648,33714,467917
2020-10-29,596941,34113,472598
2020-10-30,604952,34478,477300
2020-10-31,612772,34864,481930
2020-11-01,620491,35298,486691
2020-11-02,628780,35738,491247
2020-11-03,637712,36160,495473
2020-11-04,646164,36579,500400
2020-11-05,654936,36985,505287
2020-11-06,663800,37409,509952
2020-11-07,673250,37832,515153
2020-11-08,682486,38291,520329
2020-11-09,692949,38749,525641
2020-11-10,703288,39202,530694
2020-11-11,715068,39664,536105
2020-11-12,726585,40121,541566
2020-11-13,738322,40582,546642
2020-11-14,749525,41034,552747
2020-11-15,762068,41493,558818
2020-11-16,775121,41979,564699
2020-11-17,788473,42461,570774
2020-11-18,801894,42941,576983
2020-11-19,815117,43417,583704
2020-11-20,828377,43896,589025
2020-11-21,841308,44327,596136
2020-11-22,854361,44802,603445
2020-11-23,866821,45255,610406
2020-11-24,880542,45738,617715
2020-11-25,894385,46207,625606
2020-11-26,908346,46689,633275
2020-11-27,922397,47095,640065
2020-11-28,935799,47486,648831
2020-11-29,948749,47874,658292
2020-11-30,962070,48246,668151
2020-12-01,975951,48628,677963
2020-12-02,989572,48990,688054
2020-12-03,1003494,49348,699315
2020-12-04,1016835,49695,708106
2020-12-05,1028986,50016,719708
2020-12-06,1040547,50310,730798
2020-12-07,1051374,50594,742955
2020-12-08,1062397,50917,754224
2020-12-09,1072620,51212,765639
2020-12-10,1083023,51496,778167
2020-12-11,1092407,51727,787853
2020-12-12,1100818,51949,800853
2020-12-13,1108269,52196,812270
2020-12-14,1115770,52447,823231
2020-12-15,1123474,52670,833276
2020-12-16,1131077,52883,844430
2020-12-17,1138530,53095,856513
2020-12-18,1145651,53273,865474
2020-12-19,1152072,53448,875943
2020-12-20,1158384,53625,885054
2020-12-21,1164535,53816,894366
2020-12-22,1170743,54003,903998
2020-12-23,1177004,54156,914194
2020-12-24,1183182,54308,924685
2020-12-25,1189203,54440,933736
2020-12-26,1194963,54574,942548
2020-12-27,1200465,54693,951860
2020-12-28,1206373,54814,960751
2020-12-29,1212481,54946,969408
2020-12-30,1218753,55095,978714
2020-12-31,1225142,55223,988833
2021-01-01,1231429,55337,995570
2021-01-02,1237474,55438,1004326
2021-01-03,1243434,55540,1013018
2021-01-04,1249507,55650,1020737
2021-01-05,1255620,55748,1029028
2021-01-06,1261903,55830,1040521
2021-01-07,1268263,55933,1050553
2021-01-08,1274514,56018,1058654
2021-01-09,1280438,56100,1067466
2021-01-10,1286406,56171,1074887
2021-01-11,1292614,56262,1081736
2021-01-12,1299022,56360,1088465
2021-01-13,1305339,56457,1094388
2021-01-14,1311810,56538,1101599
2021-01-15,1318295,56621,1107011
2021-01-16,1324395,56717,1113224
2021-01-17,1330411,56803,1119137
2021-01-18,1336217,56886,1125499
2021-01-19,1342134,56973,1131883
2021-01-20,1348316,57057,1137812
2021-01-21,1354520,57150,1144549
2021-01-22,1360852,57225,1151676
2021-01-23,1367032,57294,1158475
2021-01-24,1372977,57383,1164794
2021-01-25,1379286,57481,1171070
2021-01-26,1385706,57560,1177367
2021-01-27,1392314,57651,1183463
2021-01-28,1398841,57736,1189975
2021-01-29,1405414,57807,1196374
2021-01-30,1411731,57889,1202893
2021-01-31,1417999,57959,1210051
2021-02-01,1424596,58038,1216305
2021-02-02,1431416,58110,1223197
2021-02-03,1438286,58189,1229391
2021-02-04,1445326,58256,1235581
2021-02-05,1452380,58336,1241320
2021-02-06,1459370,58412,1247374
2021-02-07,1466435,58469,1253554
2021-02-08,1473756,58536,1260045
2021-02-09,1481396,58625,1266518
2021-02-10,1488981,58686,1272287
2021-02-11,1496455,58751,1278857
2021-02-12,1503753,58809,1285014
2021-02-13,1510873,58883,1291726
2021-02-14,1518263,58945,1298023
2021-02-15,1526023,59028,1304330
2021-02-16,1534034,59117,1310821
2021-02-17,1542076,59184,1317612
2021-02-18,1550142,59264,1324231
2021-02-19,1558159,59341,1331162
2021-02-20,1566081,59409,1337877
2021-02-21,1574012,59483,1344791
2021-02-22,1582275,59572,1351390
2021-02-23,1590605,59663,1358541
2021-02-24,1598875,59736,1365253
2021-02-25,1607081,59830,1372308
2021-02-26,1615184,59899,1379922
2021-02-27,1623159,59980,1386534
2021-02-28,1631169,60073,1393125
2021-03-01,1639679,60181,1399934
2021-03-02,1648174,60267,1406845
2021-03-03,1656699,60353,1413717
2021-03-04,1665103,60431,1420958
2021-03-05,1673470,60512,1428008
2021-03-06,1681682,60594,1435357
2021-03-07,1689692,60687,1442198
2021-03-08,1698005,60786,1449350
2021-03-09,1706559,60867,1456759
2021-03-10,1715162,60928,1464268
2021-03-11,1723470,61016,1471179
2021-03-12,1731558,61069,1477588
2021-03-13,1739360,61142,1485179
2021-03-14,1746953,61230,1492488
2021-03-15,1754933,61330,1499301
2021-03-16,1763313,61427,1506360
2021-03-17,1771115,61492,1514061
2021-03-18,1778645,61581,1521377
2021-03-19,1786265,61649,1528694
2021-03-20,1793805,61724,1536606
2021-03-21,1801065,61797,1543119
2021-03-22,1808422,61877,1549649
2021-03-23,1815712,61951,1555766
2021-03-24,1823317,62045,1562709
2021-03-25,1830823,62142,1569697
2021-03-26,1838803,62223,1577408
2021-03-27,1846923,62308,1585114
2021-03-28,1855674,62397,1593219
2021-03-29,1864984,62478,1600488
2021-03-30,1875234,62569,1608807
2021-03-31,1885564,62665,1617333
2021-04-01,1897314,62759,1626144
2021-04-02,1908974,62876,1633949
2021-04-03,1920394,62999,1642418
2021-04-04,1932074,63160,1650569
2021-04-05,1945964,63332,1658978
2021-04-06,1963394,63506,1667079
2021-04-07,1984348,63699,1675891
2021-04-08,2006934,63884,1684570
2021-04-09,2029412,64039,1693005
2021-04-10,2049078,64232,1702062
2021-04-11,2070141,64490,1710974
2021-04-12,2093452,64764,1720084
2021-04-13,2118212,65055,1729293
2021-04-14,2143794,65359,1739002
2021-04-15,2168872,65680,1749041
2021-04-16,2194133,66008,1761497
2021-04-17,2215445,66327,1772688
2021-04-18,2237089,66732,1785358
2021-04-19,2261435,67130,1797319
2021-04-20,2286927,67525,1810531
2021-04-21,2311813,67913,1823958
2021-04-22,2335905,68366,1837590
2021-04-23,2358809,68746,1850791
2021-04-24,2377039,69120,1863405
2021-04-25,2396204,69574,1877517
2021-04-26,2417230,70070,1892229
2021-04-27,2438193,70532,1907190
2021-04-28,2459906,70966,1923081
2021-04-29,2479805,71351,1938064
2021-04-30,2499077,71758,1954321
2021-05-01,2516157,72090,1971064
2021-05-02,2534855,72484,1988165
2021-05-03,2555587,72875,2004949
2021-05-04,2575737,73219,2022586
2021-05-05,2591609,73568,2039427
2021-05-06,2610018,73906,2057692
2021-05-07,2627094,74241,2074089
2021-05-08,2640670,74524,2092381
2021-05-09,2654811,74910,2109702
2021-05-10,2673219,75261,2127192
2021-05-11,2691352,75568,2144197
2021-05-12,2707761,75934,2162087
2021-05-13,2722007,76231,2179890
2021-05-14,2732152,76433,2196197
2021-05-15,2739875,76633,2210851
2021-05-16,2751166,76936,2226122
2021-05-17,2765485,77222,2242023
2021-05-18,2779415,77532,2258046
2021-05-19,2792204,77765,2272719
2021-05-20,2804632,77994,2290613
2021-05-21,2815882,78194,2304824
2021-05-22,2823887,78381,2319746
2021-05-23,2832518,78597,2333789
2021-05-24,2843523,78848,2347752
2021-05-25,2855396,79056,2362428
2021-05-26,2865864,79219,2379139
2021-05-27,2875858,79384,2396540
2021-05-28,2886111,79568,2410252
2021-05-29,2893218,79741,2425033
2021-05-30,2902094,79939,2441528
2021-05-31,2913136,80156,2458684
2021-06-01,2923823,80327,2477596
2021-06-02,2935443,80488,2494108
2021-06-03,2945100,80658,2508907
2021-06-04,2954309,80813,2522702
2021-06-05,2960751,80941,2537092
2021-06-06,2966363,81063,2552401
2021-06-07,2971270,81183,2565972
2021-06-08,2980116,81362,2578263
2021-06-09,2990714,81519,2590682
2021-06-10,3003112,81672,2612091
2021-06-11,3013078,81796,2624802
2021-06-12,3020522,81911,2640281
2021-06-13,3028717,82098,2652792
2021-06-14,3039432,82217,2666601
2021-06-15,3049648,82351,2683210
2021-06-16,3060135,82480,2696434
2021-06-17,3070426,82619,2708743
2021-06-18,3080526,82746,2722612
2021-06-19,3086974,82854,2736013
2021-06-20,3095135,82965,2748320
2021-06-21,3105620,83101,2760229
2021-06-22,3117336,83217,2771705
2021-06-23,3128395,83329,2784014
2021-06-24,3140129,83473,2797105
2021-06-25,3150949,83588,2809595
2021-06-26,3157983,83711,2822704
2021-06-27,3167741,83845,2835633
2021-06-28,3180092,83985,2848042
2021-06-29,3192809,84127,2862261
2021-06-30,3204557,84264,2876828
2021-07-01,3218860,84389,2889939
2021-07-02,3232696,84516,2902140
2021-07-03,3241037,84627,2914830
2021-07-04,3254818,84792,2926266
2021-07-05,3270843,84949,2940874
2021-07-06,3286923,85095,2953586
2021-07-07,3304135,85261,2967821
2021-07-08,3327526,85397,2981019
2021-07-09,3344122,85543,2995195
2021-07-10,3355786,85694,3010090
2021-07-11,3373450,85859,3025911
2021-07-12,3394279,86041,3041541
2021-07-13,3417029,86207,3056160
2021-07-14,3440400,86391,3069943
2021-07-15,3464055,86592,3086017
2021-07-16,3485940,86791,3101618
2021-07-17,3501079,86966,3118349
2021-07-18,3523263,87161,3135060
2021-07-19,3548704,87374,3152653
2021-07-20,3576148,87624,3168834
2021-07-21,3603527,87837,3185946
2021-07-22,3623840,88063,3204136
2021-07-23,3645654,88273,3220445
2021-07-24,3664286,88532,3239172
2021-07-25,3691432,88800,3256856
2021-07-26,3723246,89122,3274346
2021-07-27,3758197,89479,3291979
2021-07-28,3792014,89782,3310163
2021-07-29,3826447,90074,3329065
2021-07-30,3851162,90344,3348363
2021-07-31,3871008,90630,3367272
2021-08-01,3903519,90996,3385195
2021-08-02,3940708,91407,3404533
2021-08-03,3979727,91785,3424650
2021-08-04,4019084,92194,3444798
2021-08-05,4057758,92628,0
2021-08-06,4092671,93086,0
2021-08-07,4119110,93473,0
2021-08-08,4158729,94015,0
2021-08-09,4199537,94603,0
2021-08-10,4238676,95111,0
2021-08-11,4281217,95647,0
2021-08-12,4320266,96215,0
2021-08-13,4359385,96742,0
2021-08-14,4389085,97208,0
2021-08-15,4425821,97828,0
2021-08-16,4467015,98483,0
2021-08-17,4517243,99108,0
2021-08-18,4556417,99691,0
2021-08-19,4587683,100255,0
2021-08-20,4616516,100810,0
2021-08-21,4640695,101354,0
2021-08-22,4677114,102038,0
2021-08-23,4715771,102648,0
2021-08-24,4756394,103357,0
2021-08-25,4796377,104022,0
2021-08-26,4833135,104716,0
2021-08-27,4869414,105287,0
2021-08-28,4895448,105901,0
2021-08-29,4926964,106482,0
2021-08-30,4960744,107151,0
2021-08-31,4992063,107794,0
2021-09-01,5025233,108393,0
2021-09-02,5055512,108988,0
2021-09-03,5083133,109549,0
2021-09-04,5103537,110064,0
2021-09-05,5129407,110674,0
2021-09-06,5156986,111257,0
2021-09-07,5184124,111892,0
2021-09-08,5210978,112430,0
2021-09-09,5237799,112935,0
2021-09-10,5258913,113380,0
2021-09-11,5275567,113824,0
2021-09-12,5295786,114311,0
2021-09-13,5318327,114759,0
2021-09-14,5340656,115167,0
2021-09-15,5360387,115619,0
2021-09-16,5378408,116072,0
2021-09-17,5396013,116436,0
2021-09-18,5408860,116791,0
2021-09-19,5424835,117182,0
2021-09-20,5442232,117526,0
2021-09-21,5459796,117905,0
2021-09-22,5477229,118191,0
2021-09-23,5493591,118508,0
2021-09-24,5508885,118792,0
2021-09-25,5519728,119082,0
2021-09-26,5533520,119360,0
2021-09-27,5547990,119649,0
2021-09-28,5559691,119888,0
2021-09-29,5572962,120160,0
2021-09-30,5587040,120428,0
2021-10-01,5601565,120663,0
2021-10-02,5611700,120880,0
2021-10-03,5624128,121109,0
2021-10-04,5638735,121347,0
2021-10-05,5651961,121563,0
2021-10-06,5662458,121779,0
2021-10-07,5674083,122012,0
2021-10-08,5683980,122197,0
2021-10-09,5691634,122370,0
2021-10-10,5702890,122592,0
2021-10-11,5716394,122868,0
2021-10-12,5729785,123081,0
2021-10-13,5742083,123275,0
2021-10-14,5754047,123498,0
2021-10-15,5765904,123695,0
2021-10-16,5773419,123876,0
2021-10-17,5784815,124075,0
2021-10-18,5796659,124256,0
2021-10-19,5809967,124423,0
2021-10-20,5821737,124585,0
2021-10-21,5833525,124763,0
2021-10-22,5844589,124928,0
2021-10-23,5851670,125052,0
2021-10-24,5860844,125223,0
2021-10-25,5868360,125363,0
2021-10-26,5877456,125519,0
2021-10-27,5888100,125716,0
2021-10-28,5899509,125875,0
2021-10-29,5909402,125998,0
2021-10-30,5916211,126126,0
2021-10-31,5924638,126303,0
2021-11-01,5934495,126456,0
2021-11-02,5944599,126616,0
2021-11-03,5954962,126763,0
2021-11-04,5964824,126921,0
2021-11-05,5973457,127053,0
2021-11-06,5980260,127173,0
2021-11-07,5987814,127299,0
2021-11-08,5996155,127439,0
2021-11-09,6004460,127551,0
2021-11-10,6012408,127686,0
2021-11-11,6019947,127809,0
2021-11-12,6027269,127918,0
2021-11-13,6031575,128042,0
2021-11-14,6037718,128167,0
2021-11-15,6045212,128272,0
2021-11-16,6051642,128406,0
2021-11-17,6057893,128531,0
2021-11-18,6063775,128634,0
2021-11-19,6069559,128734,0
2021-11-20,6073098,128852,0
2021-11-21,6077438,128956,0
2021-11-22,6082865,129053,0
2021-11-23,6088009,129177,0
2021-11-24,6092822,129280,0
2021-11-25,6097672,129376,0
2021-11-26,6102056,129462,0
2021-11-27,6105101,129549,0
2021-11-28,6108882,129629,0
2021-11-29,6113192,129711,0
2021-11-30,6117445,129830,0
2021-12-01,6121757,129912,0
2021-12-02,6125596,129988,0
2021-12-03,6129199,130066,0
2021-12-04,6131356,130124,0
2021-12-05,6134465,130200,0
2021-12-06,6137821,130277,0
2021-12-07,6141335,130356,0
2021-12-08,6144644,130446,0
2021-12-09,6147872,130524,0
2021-12-10,6150843,130603,0
2021-12-11,6152524,130661,0
2021-12-12,6154813,130722,0
2021-12-13,6157519,130764,0
2021-12-14,6160303,130831,0
2021-12-15,6162954,130883,0
2021-12-16,6165454,130946,0
2021-12-17,6167650,130992,0
2021-12-18,6169011,131033,0
2021-12-19,6170979,131083,0
2021-12-20,6173369,131124,0
2021-12-21,6175782,131167,0
2021-12-22,6177885,131211,0
2021-12-23,6179817,131262,0
2021-12-24,6181784,131306,0
2021-12-25,6182905,131348,0
2021-12-26,6184762,131400,0
2021-12-27,6186729,131434,0
2021-12-28,6188857,131474,0
2021-12-29,6190762,131527,0
2021-12-30,6192698,131572,0
2021-12-31,6194401,131606,0
2022-01-01,6195403,131639,0
2022-01-02,6196913,131680,0
2022-01-03,6198590,131702,0
2022-01-04,6200296,131736,0
2022-01-05,6201467,131778,0
2022-01-06,6203046,131802,0
2022-01-07,6204224,131821,0
2022-01-08,6204925,131847,0
2022-01-09,6206405,131878,0
2022-01-10,6208337,131915,0
2022-01-11,6210298,131940,0
2022-01-12,6212387,131972,0
2022-01-13,6214781,132002,0
2022-01-14,6217320,132026,0
2022-01-15,6218741,132044,0
2022-01-16,6221033,132075,0
2022-01-17,6224196,132095,0
2022-01-18,6227849,132113,0
2022-01-19,6231909,132132,0
2022-01-20,6236567,132152,0
2022-01-21,6241843,132172,0
2022-01-22,6245346,132202,0
2022-01-23,6250490,132230,0
2022-01-24,6258181,132251,0
2022-01-25,6267559,132274,0
2022-01-26,6279410,132303,0
2022-01-27,6293695,132333,0
2022-01-28,6310452,132356,0
2022-01-29,6322183,132380,0
2022-01-30,6344179,132424,0
2022-01-31,6373174,132454,0
2022-02-01,6408244,132504,0
2022-02-02,6446404,132563,0
2022-02-03,6483799,132624,0
2022-02-04,6520707,132681,0
2022-02-05,6543837,132745,0
2022-02-06,6579266,132830,0
2022-02-07,6619085,132934,0
2022-02-08,6657842,133048,0
2022-02-09,6696927,133164,0
2022-02-10,6730608,133294,0
2022-02-11,6761855,133437,0
2022-02-12,6780453,133570,0
2022-02-13,6806265,133718,0
2022-02-14,6835221,133886,0
2022-02-15,6860255,134053,0
2022-02-16,6876565,134238,0
2022-02-17,6894110,134420,0
2022-02-18,6913427,134607,0
2022-02-19,6925485,134798,0
2022-02-20,6942452,135040,0
2022-02-21,6961562,135276,0
2022-02-22,6983635,135499,0
2022-02-23,6998975,135726,0
2022-02-24,7011932,135952,0
2022-02-25,7023904,136166,0
2022-02-26,7030943,136390,0
2022-02-27,7040467,136631,0
2022-02-28,7051429,136838,0
2022-03-01,7060741,137064,0
2022-03-02,7066975,137267,0
2022-03-03,7073747,137439,0
2022-03-04,7080217,137593,0
2022-03-05,7084306,137747,0
2022-03-06,7089892,137948,0
2022-03-07,7096318,138116,0
2022-03-08,7102159,138260,0
2022-03-09,7107167,138433,0
2022-03-10,7113591,138572,0
2022-03-11,7117544,138711,0
2022-03-12,7119763,138831,0
2022-03-13,7123093,138949,0
2022-03-14,7126906,139063,0
2022-03-15,7130129,139180,0
2022-03-16,7133139,139289,0
2022-03-17,7135719,139387,0
2022-03-18,7137894,139478,0
2022-03-19,7139217,139550,0
2022-03-20,7141033,139610,0
2022-03-21,7142287,139662,0
2022-03-22,7143409,139735,0
2022-03-23,7144532,139802,0
2022-03-24,7145877,139865,0
2022-03-25,7147407,139917,0
2022-03-26,7148789,139971,0
2022-03-27,7151088,140021,0
2022-03-28,7154003,140063,0
2022-03-29,7156746,140109,0
2022-03-30,7159733,140158,0
2022-03-31,7162220,140204,0
2022-04-01,7164484,140240,0
2022-04-02,7166371,140277,0
2022-04-03,7167646,140315,0
2022-04-04,7171165,140368,0
2022-04-05,7175780,140407,0
2022-04-06,7180008,140451,0
2022-04-07,7183808,140492,0
2022-04-08,7186992,140528,0
2022-04-09,7188749,140577,0
2022-04-10,7191643,140616,0
2022-04-11,7194768,140650,0
2022-04-12,7197505,140678,0
2022-04-13,7199861,140711,0
2022-04-14,7202055,140744,0
2022-04-15,7204049,140777,0
2022-04-16,7205064,140800,0
2022-04-17,7206959,140829,0
2022-04-18,7208968,140854,0
2022-04-19,7210788,140877,0
2022-04-20,7212395,140896,0
2022-04-21,7213808,140919,0
2022-04-22,7214904,140940,0
2022-04-23,7215512,140952,0
2022-04-24,7216040,140975,0
2022-04-25,7217117,140996,0
2022-04-26,7218424,141024,0
2022-04-27,7219433,141041,0
2022-04-28,7220402,141058,0
2022-04-29,7221121,141072,0
2022-04-30,7221653,141083,0
2022-05-01,7222308,141096,0
2022-05-02,7223005,141114,0
2022-05-03,7223576,141131,0
2022-05-04,7223828,141138,0
2022-05-05,7224056,141145,0
2022-05-06,7224431,141157,0
2022-05-07,7224701,141165,0
2022-05-08,7225189,141177,0
2022-05-09,7225759,141189,0
2022-05-10,7226219,141192,0
2022-05-11,7226672,141198,0
2022-05-12,7227043,141201,0
2022-05-13,7227428,141209,0
2022-05-14,7227683,141216,0
2022-05-15,7228051,141224,0
2022-05-16,7228434,141232,0
2022-05-17,7228786,141236,0
2022-05-18,7229074,141244,0
2022-05-19,7229354,141253,0
2022-05-20,7229582,141262,0
2022-05-21,7229741,141271,0
2022-05-22,7230053,141274,0
2022-05-23,7230321,141281,0
2022-05-24,7230589,141288,0
2022-05-25,7230882,141293,0
2022-05-26,7231099,141296,0
2022-05-27,7231284,141302,0
2022-05-28,7231387,141306,0
2022-05-29,7231562,141308,0
2022-05-30,7231802,141310,0
2022-05-31,7232034,141315,0
2022-06-01,7232268,141318,0
2022-06-02,7232443,141318,0
2022-06-03,7232614,141321,0
2022-06-04,7232678,141328,0
2022-06-05,7232731,141331,0
2022-06-06,7232790,141332,0
2022-06-07,7232929,141339,0
2022-06-08,7233117,141342,0
2022-06-09,7233319,141343,0
2022-06-10,7233472,141343,0
2022-06-11,7233528,141349,0
2022-06-12,7233688,141350,0
2022-06-13,7233880,141352,0
2022-06-14,7234042,141353,0
2022-06-15,7234221,141357,0
2022-06-16,7234367,141360,0
2022-06-17,7234523,141361,0
2022-06-18,7234597,141363,0
2022-06-19,7234757,141363,0
2022-06-20,7234988,141366,0
2022-06-21,7235175,141370,0
2022-06-22,7235440,141373,0
2022-06-23,7235696,141377,0
2022-06-24,7235928,141379,0
2022-06-25,7236064,141383,0
2022-06-26,7236361,141385,0
2022-06-27,7236713,141386,0
2022-06-28,7237156,141386,0
2022-06-29,7237597,141386,0
2022-06-30,7238126,141389,0
2022-07-01,7238589,141390,0
2022-07-02,7238840,141390,0
2022-07-03,7239557,141396,0
2022-07-04,7240564,141404,0
2022-07-05,7241648,141408,0
2022-07-06,7242919,141413,0
2022-07-07,7244694,141420,0
2022-07-08,7246707,141427,0
2022-07-09,7247601,141429,0
2022-07-10,7249976,141439,0
2022-07-11,7251429,141444,0
2022-07-12,7255017,141451,0
2022-07-13,7260017,141456,0
2022-07-14,7265251,141464,0
2022-07-15,7270023,141477,0
2022-07-16,7272727,141486,0
2022-07-17,7278478,141499,0
2022-07-18,7284165,141513,0
2022-07-19,7289542,141532,0
2022-07-20,7296635,141564,0
2022-07-21,7304550,141593,0
2022-07-22,7312401,141624,0
2022-07-23,7319322,141650,0
2022-07-24,7328153,141684,0
2022-07-25,7337928,141717,0
2022-07-26,7348963,141758,0
2022-07-27,7359489,141795,0
2022-07-28,7368945,141837,0
2022-07-29,7376794,141891,0
2022-07-30,7381299,141937,0
2022-07-31,7391026,141998,0
2022-08-01,7400725,142060,0
2022-08-02,7410075,142134,0
2022-08-03,7418615,142209,0
2022-08-04,7426030,142290,0
2022-08-05,7431485,142337,0
2022-08-06,7434945,142398,0
2022-08-07,7440422,142461,0
2022-08-08,7443801,142515,0
2022-08-09,7446144,142564,0
2022-08-10,7451779,142654,0
2022-08-11,7459175,142738,0
2022-08-12,7465579,142806,0
2022-08-13,7468894,142861,0
2022-08-14,7475173,142944,0
2022-08-15,7482521,143015,0
2022-08-16,7488493,143093,0
2022-08-17,7493317,143160,0
2022-08-18,7497844,143222,0
2022-08-19,7501534,143288,0
2022-08-20,7503369,143332,0
2022-08-21,7506614,143387,0
2022-08-22,7510702,143449,0
2022-08-23,7513928,143505,0
2022-08-24,7516596,143550,0
2022-08-25,7518974,143612,0
2022-08-26,7520993,143647,0
2022-08-27,7521969,143684,0
2022-08-28,7523662,143728,0
2022-08-29,7525628,143776,0
2022-08-30,7527499,143820,0
2022-08-31,7528961,143867,0
2022-09-01,7530325,143894,0
2022-09-02,7531392,143917,0
2022-09-03,7531924,143947,0
2022-09-04,7533087,143995,0
2022-09-05,7534182,144019,0
2022-09-06,7535272,144048,0
2022-09-07,7536217,144085,0
2022-09-08,7537081,144108,0
2022-09-09,7537781,144135,0
2022-09-10,7538125,144154,0
2022-09-11,7538821,144178,0
2022-09-12,7539698,144199,0
2022-09-13,7540316,144221,0
2022-09-14,7540962,144243,0
2022-09-15,7541586,144258,0
2022-09-16,7542230,144273,0
2022-09-17,7542533,144287,0
2022-09-18,7542822,144301,0
2022-09-19,7543548,144319,0
2022-09-20,7544540,144344,0
2022-09-21,7545351,144358,0
2022-09-22,7545855,144364,0
2022-09-23,7546276,144367,0
2022-09-24,7546673,144382,0
2022-09-25,7547089,144394,0
2022-09-26,7547397,144402,0
2022-09-27,7547706,144409,0
2022-09-28,7547968,144416,0
2022-09-29,7548320,144421,0
2022-09-30,7548648,144426,0
2022-10-01,7549186,144429,0
2022-10-02,7549586,144439,0
2022-10-03,7550021,144448,0
2022-10-04,7550401,144458,0
2022-10-05,7550691,144466,0
2022-10-06,7550856,144469,0
2022-10-07,7551022,144471,0
2022-10-08,7551357,144478,0
2022-10-09,7551680,144486,0
2022-10-10,7552404,144490,0
2022-10-11,7552812,144498,0
2022-10-12,7553169,144502,0
2022-10-13,7553454,144506,0
2022-10-14,7553609,144510,0
2022-10-15,7554006,144516,0
2022-10-16,7554333,144519,0
2022-10-17,7554703,144523,0
2022-10-18,7555010,144527,0
2022-10-19,7555355,144531,0
2022-10-20,7555555,144536,0
2022-10-21,7555694,144540,0
2022-10-22,7555903,144543,0
2022-10-23,7556097,144544,0
2022-10-24,7556632,144548,0
2022-10-25,7556854,144555,0
2022-10-26,7557024,144559,0
2022-10-27,7557134,144562,0
2022-10-28,7557240,144565,0
2022-10-29,7557364,144571,0
2022-10-30,7557437,144571,0
2022-10-31,7557650,144576,0
2022-11-01,7557805,144580,0
2022-11-02,7557805,144580,0
2022-11-03,7557962,144583,0
2022-11-04,7558002,144587,0
2022-11-05,7558078,144592,0
2022-11-06,7558142,144596,0
2022-11-07,7558502,144600,0
2022-11-08,7558593,144604,0
2022-11-09,7558690,144605,0
2022-11-10,7558762,144607,0
2022-11-11,7558812,144609,0
2022-11-12,7558893,144610,0
2022-11-13,7558950,144612,0
2022-11-14,7559001,144613,0
2022-11-15,7559055,144613,0
2022-11-16,7559055,144613,0
2022-11-17,7559164,144617,0
2022-11-18,7559211,144620,0
2022-11-19,7559258,144625,0
2022-11-20,7559296,144626,0
2022-11-21,7559368,144627,0
2022-11-22,7559416,144630,0
2022-11-23,7559446,144632,0
2022-11-24,7559467,144633,0
2022-11-25,7559492,144633,0
2022-11-26,7559526,144633,0
2022-11-27,7559589,144633,0
2022-11-28,7559634,144633,0
2022-11-29,7559664,144633,0
2022-11-30,7559706,144633,0
2022-12-01,7559737,144634,0
2022-12-02,7559760,144634,0
2022-12-03,7559799,144637,0
2022-12-04,7559855,144640,0
2022-12-05,7559924,144645,0
2022-12-06,7559958,144648,0
2022-12-07,7559999,144649,0
2022-12-08,7560048,144651,0
2022-12-09,7560067,144652,0
2022-12-10,7560105,144658,0
2022-12-11,7560162,144658,0
2022-12-12,7560217,144658,0
2022-12-13,7560247,144658,0
2022-12-14,7560294,144658,0
2022-12-15,7560323,144659,0
2022-12-16,7560323,144659,0
2022-12-17,7560389,144661,0
2022-12-18,7560444,144664,0
2022-12-19,7560519,144664,0
2022-12-20,7560581,144667,0
2022-12-21,7560629,144672,0
2022-12-22,7560667,144672,0
2022-12-23,7560688,144673,0
2022-12-24,7560731,144673,0
2022-12-25,7560792,144674,0
2022-12-26,7560852,144675,0
2022-12-27,7560887,144677,0
2022-12-28,7560947,144677,0
2022-12-29,7560998,144682,0
2022-12-30,7561058,144682,0
2022-12-31,7561140,144685,0
2023-01-01,7561213,144688,0
2023-01-02,7561309,144693,0
2023-01-03,7561428,144696,0
2023-01-04,7561541,144696,0
2023-01-05,7561624,144699,0
2023-01-06,7561701,144704,0
2023-01-07,7561808,144706,0
2023-01-08,7561925,144708,0
2023-01-09,7562060,144710,0
2023-01-10,7562169,144717,0
2023-01-11,7562275,144720,0
2023-01-12,7562371,144722,0
2023-01-13,7562446,144723,0
2023-01-14,7562495,144724,0
2023-01-15,7562610,144727,0
2023-01-16,7562755,144727,0
2023-01-17,7562868,144728,0
2023-01-18,7562998,144728,0
2023-01-19,7563096,144730,0
2023-01-20,7563167,144732,0
2023-01-21,7563273,144734,0
2023-01-22,7563385,144735,0
2023-01-23,7563505,144737,0
2023-01-24,7563623,144741,0
2023-01-25,7563728,144744,0
2023-01-26,7563825,144744,0
2023-01-27,7563923,144744,0
2023-01-28,7564046,144744,0
2023-01-29,7564146,144747,0
2023-01-30,7564252,144747,0
2023-01-31,7564350,144749,0
2023-02-01,7564467,144751,0
2023-02-02,7564551,144752,0
2023-02-03,7564614,144754,0
2023-02-04,7564663,144756,0
2023-02-05,7564756,144757,0
2023-02-06,7564881,144764,0
2023-02-07,7565025,144768,0
2023-02-08,7565144,144771,0
2023-02-09,7565253,144775,0
2023-02-10,7565367,144779,0
2023-02-11,7565367,144779,0
2023-02-12,7565552,144781,0
2023-02-13,7565678,144783,0
2023-02-14,7565865,144788,0
2023-02-15,7566043,144789,0
2023-02-16,7566265,144793,0
2023-02-17,7566265,144793,0
2023-02-18,7566311,144793,0
2023-02-19,7566470,144804,0
2023-02-20,7566803,144812,0
2023-02-21,7567161,144817,0
2023-02-22,7567421,144824,0
2023-02-23,7567473,144828,0
2023-02-24,7567560,144832,0
2023-02-25,7567619,144835,0
2023-02-26,7567702,144842,0
2023-02-27,7567824,144845,0
2023-02-28,7567906,144845,0
2023-03-01,7568903,144858,0
2023-03-02,7569261,144864,0
2023-03-03,7569483,144867,0
2023-03-04,7569769,144878,0
2023-03-05,7570232,144893,0
2023-03-06,7570743,144902,0
2023-03-07,7571352,144907,0
2023-03-08,7571996,144922,0
2023-03-09,7572311,144933,0
